Row,Max_Normalized_Entropy_attributes,Normalized_Entropy_Class_Attribute,Mean_Mutual_Information_Attribute_Class,ErrorRate_Decision_Node,WeightedDist_StdDev,Max_Feature_Efficiency_F3,Collective_Feature_Efficiency_F4,Training_Error_Linear_Classifier_L2,Fraction_Points_Class_Boundary_N1,Nonlinearity_Nearest_Neighbor_Classifier_N4
abalone,0.291428259153545,-0.0231505180385784,0.907839260142287,1.20755271750929,0.681170082768835,-0.871445889334663,-1.24779077330759,1.05807913076005,1.15723609917076,1.23149328617127
abalone_ori,0.291428259153545,1.32610043611317,1.42213961158442,-0.148358415390459,0.681170082768835,0.857186242056763,-0.116430404359513,-1.15066009639851,-0.772155394432259,1.41451735777065
appendicitis,-0.587053765826699,-0.347640725649755,0.00681858088540956,-0.718311970544355,-0.753901748902696,0.182073890710789,0.427542509218799,0.616151700046356,0.640470366434358,0.429403990741454
asbestos,-0.176235002487332,0.690571104531633,0.371398209508769,-0.0765351287565959,-0.653788867923549,-0.54322771663091,-1.15940190966858,0.242224550775428,0.955693882803295,0.978861153267309
audiology_std,-1.01265896170802,1.8474431403542,-0.0457595061864248,0.0926275031893846,-0.837205855849485,1.54843931486045,1.0375834525097,-1.21002147257526,-1.15005477775349,-1.23933721616538
australian,-0.0732510704215621,-0.370470305243465,-0.491034963092669,1.62825744593599,-0.308288527387453,-1.15200786753023,-1.34376079794827,0.15220464019542,0.557897995994688,0.153613725607946
auto1,-2.19672252325258,-0.704985532936216,-1.39584351350433,0.240405578136932,-1.10319049067002,-1.3870956622881,-1.45768181458418,1.05018323565948,1.37686464422073,0.717321642794634
auto2,0.240675322106002,-0.904986969662417,-1.43500267347319,0.98663414925105,-1.10900358104355,-1.37902830086775,-1.44082339460587,1.58454584329844,1.86090444538533,-1.58742352502337
auto4,0.171456647114217,-0.211919002455091,-1.38066407746788,1.83417148665998,-1.19276443097656,-1.32508188193883,-1.34502860660342,1.23270705930429,1.49698319235831,-1.58586122048618
auto5,-0.19744242760181,0.388499048841931,-1.11083594761089,0.885005447673351,-1.71821898570178,-0.345178868670615,0.711246901323326,0.459620122643502,1.04058030678178,-1.58742352502337
auto6_1,0.274687895107754,1.34392613239569,-0.81087859564873,0.314529210638988,-1.1080982762677,-0.995085608909606,-0.463675863895613,-0.0464018198180702,0.651063557117575,-1.00294052687342
auto6_2,-0.0737370646376442,1.29338824570859,-0.932087751699515,0.295039430135736,-0.998545306379456,-1.08894730436475,-0.828238632827115,-0.0464018094736138,0.695797220129093,-0.933378879975037
auto6_3,0.0942123537894316,1.42773754321512,-0.542312306646139,0.499726085330185,-1.40516401131791,-0.427108176781034,0.597172451785943,-0.0464018094736138,0.663292275976197,-1.20254648975248
auto7_1,0.195893818886582,0.871870244914408,-0.95452972600664,0.826406142097027,-0.667934424629251,-1.28474132817738,-1.40720097888475,0.631032928633683,1.13745200572156,1.36543879461709
auto7_2,-0.0905129017784867,0.370563975046334,-1.14820081235807,1.70405019141796,-0.482818632922728,-0.949892762703765,-1.285099337561,1.47239948865166,1.79738844054406,1.42041618163505
auto7_3,-0.197329960183554,0.970463072184955,-1.00895355377188,0.867304225036197,-1.0044536394012,-1.1719428583076,-1.32200439328622,0.631032936494352,1.07055866677636,1.17052843172407
auto8,-0.197440864525452,1.58802592646713,-0.863398703390962,0.00223618848111875,-2.01585949751721,-0.373596126965378,1.12412368652646,-1.7168635409677,0.395557614008238,-1.58742352502337
automobile,2.79775755817947,1.37847038880792,0.97966323421843,0.644147326236056,-0.632785234033449,0.84965956725484,1.12846147962468,0.352740356130385,0.0252320120945078,-0.216780902414766
bach,0.162001872374736,1.73184386898972,1.4402199834535,-1.00113288535768,1.29999679773443,1.21478416456912,0.608911363584802,-1.62800321515221,-1.47859889367619,0.359491406390739
balance,-1.69462546400377,0.0975077240818956,-0.111132931784934,1.49091909745525,-1.02056530108075,-1.3870956622881,-1.45768181458418,-0.835587934653803,0.329553255036989,0.32980471227485
banana,0.236048809394227,-0.746874358968807,-0.503389370335075,1.40984821075516,0.72627282490134,-1.35676704607223,-1.44096229395935,1.95784248739216,0.0483511846717406,1.33347868748934
banknote,0.275149272103287,-0.515359264015508,0.369655018943746,-0.672046589202177,0.277977887815902,0.355354668839501,0.128288618597954,-0.882482194117569,-1.53014262501137,-0.870147065806792
bankruptcy,-0.956030483891927,0.473658856877846,0.619003314637234,0.0897997232657104,-0.713201292587491,1.22139033923172,1.13783970941415,2.09587735570309,0.132172202021448,-0.811026713072614
blogger,0.0973882889765694,0.0299869098266448,-0.871493769986233,0.326793983674948,-0.593766744958908,-1.3870956622881,-1.45768181458418,1.40400427431646,0.779038246303776,1.05473825753673
blood,0.258234319276294,-0.703148658290007,-0.975410941428144,0.0742740638456782,0.271695512360083,-1.31915537244802,-1.42874952836229,0.910458897660472,1.25892255866214,1.75479695899298
breast,1.40284013733706,-0.33775892364894,-0.962915343110427,0.495268897783318,-0.437675578581457,-1.23217560994914,-1.41071520788153,1.25280372922249,1.42880277250619,1.22724379435548
breast_cancer,1.28801514360234,-0.335951475645785,-1.02713730866385,0.533899206239643,-0.559356476155967,-1.36152808569789,-1.44257041480763,1.28001523867103,1.34963917220039,1.34806789774562
breast_cancer_wis_dia,-0.414656353857381,-0.467408062680196,1.35970250748554,-1.1531090967798,1.23866863294814,-0.627523986563825,-0.931613376261704,-1.17100510584571,-0.973913086464227,-1.12997242738169
breast_cancer_wis_dia_no_Nas,-0.378745686142794,-0.455065233186356,1.37732649457331,-1.12156436627995,1.23866863294814,-0.612091243290542,-0.904715278941251,-1.2025551703676,-0.974434965565759,-1.28719792088843
breast_cancer_wis_ori,0.170313590948071,-0.384894275024643,0.813624481316397,-1.27850138356407,0.190628335687052,0.899714651785822,1.13259775495437,-0.957580991734023,-0.86524595584573,-1.43513136894889
breast_cancer_wis_pro2,1.80390399037694,-0.391341825288615,-1.14787995713517,0.0730021204653196,-0.695188946029715,-0.324125008435268,1.13783970941415,0.906363863723704,1.2930353591248,0.59967089398107
breast_tissue,-0.590759482325926,1.67311875169622,1.75674241284283,-0.110632427166552,-0.583679411076878,1.30753161295428,1.03971493945974,0.296361929603487,-0.139499685822939,-0.0496274022637761
breast_tissue_merged,-0.590759482325926,1.17923017001908,1.6835197419236,-0.626641242282271,-0.583679411076878,1.54488380691082,1.13783970941415,0.5208444536239,-0.536194514319005,-0.99963126018884
bupa,0.296527356362144,-0.216154333288023,-1.07445111716987,1.13678597606015,0.102518590747447,-1.16183966263878,-1.22061199130899,1.85470524502641,1.74156703284809,1.29587777067261
car,-2.19672252325258,-0.273904189482169,-0.272142469514085,0.266277400004943,-0.63580643640478,0.739020438411739,0.0323727569086809,0.199353609875216,-0.237159222492004,0.425317444610202
cardio10,0.0821547153532338,1.1254988005372,1.15536931842693,-0.365247288669118,0.706112420190385,0.735051031969422,0.371030927692493,-0.418467969713743,-0.790456459516055,0.0157954732551794
cardio3,0.0821547153532338,-0.621189813319066,-0.235671344705031,-0.528709009830746,0.706112420190385,0.0285553176944684,-0.479392601726718,-0.281901584093839,-0.602560149352222,0.267387910304243
chess-krkp,-2.19672252325258,-0.657990444390757,-1.20642076847997,1.76711544780689,0.328892603051846,-0.295032681622628,-0.435117451692711,-0.788845275454592,0.546623803858121,-0.2652421875126
chronic_kidney_disease,0.0895946463141183,-0.296911731986761,0.746422148064642,0.228580010924869,0.75755161627091,1.22549465601173,1.03385167302402,-1.35038527755887,-1.41715958556757,-1.58742352502337
chronic_kidney_disease_full,0.0895946463141183,-0.296911731986761,0.746422148064642,0.44366553275079,0.75755161627091,1.22549465601173,1.03385167302402,-1.35038527755887,-1.41715958556757,-1.58742352502337
chronic_kidney_disease_full_no_Nas,-0.0825148409850452,-0.226786737248531,1.0294062848616,-1.92795770766358,0.75755161627091,1.12161525912348,1.08132011203465,-1.50642975040887,-1.18429794965419,-1.58742352502337
cilinder,2.79775755817947,-0.326823577421205,-0.719836563384173,1.03461059178013,-0.947574720543541,-0.598018957566818,-0.644195906134395,1.31631498224513,1.28407422930778,0.326712800646735
cilinder_no_NAs,2.79775755817947,-0.223010111482682,-1.06541490493301,0.943139670180911,-0.947574720543541,-0.991279233133165,-0.489779690830075,1.58874275906968,1.39024284260473,0.279709054426375
climate,0.238725813109818,-1.35527053916712,-1.21286688881948,-1.20929225434239,-1.18955043219646,-0.186898100720653,-0.0223916388535428,-0.491305787975442,-0.0789163439074918,-0.557733825891527
cnae9,-2.19672252325258,1.40067976009415,-1.23932126391328,-0.314255522294261,0.716979186242255,-0.600283403273888,1.12771482851534,-1.02600222070808,-1.06048154513197,-1.16523927023771
coil2000,0.959036872166498,-1.81429467875833,-1.40781182286766,-1.43710258009861,1.52254125786812,-1.32421395638527,-1.32380329206456,-0.815128027540274,-0.235797303658951,1.58867438335034
congressional,-2.19672252325258,-0.30547492059022,0.684560171823729,-0.930012286390418,-0.021832121993872,-1.3870956622881,-1.45768181458418,-1.16881698028013,-0.503401475414509,-1.33743328962167
congressional_no_Nas,-2.19672252325258,-0.0829391611875558,0.646646434726172,-0.641297147270557,-0.021832121993872,-1.3870956622881,-1.45768181458418,-1.23309588076373,-0.198892976698299,-1.38908784315954
connectionist_sonar,-0.483223783875338,-0.0505903716786124,-0.85374949272671,1.46761852856739,-0.479968572619597,-1.02263297270421,1.13783970941415,0.530556909302082,0.619676261660312,-0.499315783820843
connectionist_vowel,1.88619473108202,1.54638158224062,0.920779231790768,-0.423916592157405,-0.61100773222289,0.772068259353495,0.530115642117344,-0.423052704837759,-1.1435863270616,0.452260784428184
contraceptive,0.139645203761764,0.146362183433511,-1.00408571020919,1.46094054333954,0.744008691045543,-1.22229182301937,-1.40613599059204,1.34965523774417,1.6523093522781,1.6711330320925
credit,1.29129603692562,-0.370470305243465,-0.429028649183805,1.16874683547105,-0.380390462471234,-1.16183966263878,-1.31163863208513,0.15220464019542,0.596516104395947,0.111833591421747
credit_no_Nas,1.40967423850802,-0.354242708275822,-0.412517999075223,1.11311403019062,-0.380390462471234,-1.14958905332885,-1.31345435178798,0.0679768897965164,0.526771289180453,-0.0773833986201563
crx,1.40967423850802,-0.354242708275822,-0.489325994058413,1.11311403019062,-0.304555252731622,-1.14958905332885,-1.34737820767913,0.0679768897965164,0.592547694182334,-0.0117656675545591
dermatology,0.185971060977539,1.25310185108848,1.23469624086485,0.529473952291697,-0.704018768172043,1.30284920417231,1.00271289199114,-1.12017673182159,-1.27201596600289,-1.48173232334132
diabetic,0.14246977604827,-0.471477927229557,-1.07274398407712,1.3727214069861,0.557157055365393,-1.04445931454028,-1.22147804542202,1.76231062013092,1.66722969043304,1.58773161018463
dresses,0.0240490941236672,-0.309929584510622,-1.04244702909832,1.4505398042151,-0.397086916887539,-1.34335654848508,-1.40124979291579,1.85359243625369,1.98974363633309,1.41984460794641
echocardio,0.0246120237046279,0.148156483315366,0.461408954295924,-1.39551178628904,-1.03560940431937,1.76724427356067,1.13783970941415,-0.890806283981945,-0.0552290803882103,-1.20558325456847
echocardio_no_Nas,-1.30517739464644,0.120505549154351,0.111227170105385,-1.37415430826972,-1.03560940431937,1.75933001186886,1.13783970941415,1.17227763929064,-0.136598132570844,-1.30676810196204
ecoli,-0.326553023376165,1.10859902194767,1.32884854356629,0.146435976994169,-0.194703446076812,1.18671938484075,0.635545473872509,-0.573022266349408,-0.864206771603282,-0.135251471131347
fertility,-0.57358521631745,-0.755450585414154,-1.25425346077399,-0.905176467799762,-1.27255253899678,-1.24376539411806,-1.34856137679115,-0.0986169577707256,0.521011667978154,0.851537541217742
firm,-2.19672252325258,-1.31630985082978,-1.24895302272661,-0.520457074292095,0.122085307721326,-1.12268901871289,-1.37566787505824,-1.71054481140919,-0.714329109283636,-0.645794863686606
first,0.264621104438402,-0.78403863163507,-0.793654479879608,1.33914607428456,1.9117816530321,-0.31808380943174,0.806330185551678,-1.7168635409677,-1.53500739291146,-0.503008331041314
flare,-2.19672252325258,0.937363336946758,0.546221013189955,0.656929986667679,0.855088307844494,0.739246310345608,0.0477028007285514,-0.152740591268433,-0.322290313666715,0.478859576928502
forest,0.282235694171099,0.75665193759909,1.15703334378672,0.506740773504449,0.159370692151813,0.415779969145636,0.832171126408339,0.354151931665709,-0.331143016612521,-0.600866489333037
fourclass,0.0994882635978926,-0.496983289343537,0.244126362063839,0.732046438893712,-0.779669235495237,-0.0374006564436957,-0.819659812537799,0.734339785969782,-1.47753605782189,0.705958926713011
gesture_raw,0.249839158150863,0.347931626471901,0.359349802887325,0.694596321966858,1.48885842220573,-0.902257167858756,-1.0704225043602,0.328451718621781,-0.984788779522459,1.81123217242931
gesture_va,0.252358525868628,0.349184223356308,0.00648373970564593,0.727011991593568,1.71500034656518,-1.17895531408039,-1.23302897414471,0.631032928633683,0.348216663811169,1.22720833442311
glass,-0.522036485416803,1.22818437660722,0.996426749772451,0.492236922416009,0.109272168526661,0.876180188436078,0.488791381565046,0.352740329545659,-0.0742707890346234,0.157082121873021
grammatical_a1,0.238102219216261,-0.502503686379012,0.121288182799859,-0.532326283050253,0.378011222734567,-0.550652604070512,1.13222235838564,0.361070295283507,0.622896102028023,0.248732084297268
grammatical_a2,0.200370820948717,-0.759866014390435,0.837667755451817,-1.4361089186001,0.605383506881123,0.884043123387762,1.13471152291654,-1.07517571029822,-0.811417402266154,-1.10051019572396
grammatical_a3,-0.00753734390124287,-0.560486055695143,1.08218193719908,-1.22112291876559,0.32963285708394,-0.338841953818573,1.13783970941415,-0.507551494341388,-0.068203134399225,-0.233997652827189
grammatical_a4,0.249488334321266,-0.827928689685923,0.140585053319374,-0.809505201448461,0.332980074532954,0.172859752111809,1.13783970941415,-0.216476074727946,-0.312309241340513,-0.136569689596666
grammatical_a5,0.170294851672144,-0.466479911130481,0.201979843982738,-0.0650156455166839,0.337369678180973,-0.485423143669127,1.13783935439792,0.0127710258332071,0.135640662783901,-0.0443740096660475
grammatical_a6,0.247055997121953,-0.81539612768094,0.59759427108341,-1.30638616750806,0.56070196478267,0.836704666647861,1.13783935439792,-0.843957148252767,-0.564943277106463,-0.676324511013452
grammatical_a7,0.267407020925492,-0.971900449400958,-0.024283866091266,-0.570849836830923,0.535782752993963,-0.352945096527051,1.13784006443038,-0.742767840166379,-0.282915008545738,-0.253956861972886
grammatical_a8,0.0148048311881316,-0.492773718850709,0.436412843278081,-0.960979017448119,0.391536488947447,-0.866367822456429,1.13320122174135,-0.176084105554151,-0.119261395860024,-0.436727511907713
grammatical_a9,0.260434213560977,-0.56279900248639,0.570864587922088,-1.12943505142939,0.434449906529009,-0.369457346024097,1.13354802573236,-0.434642600934844,-0.051248015379662,-0.473397091078691
grammatical_b1,0.224510792149816,-0.45359757465334,-0.392193534354788,0.0770698218109029,0.188748595382924,-0.693286406826844,1.13783970941415,0.199566908379506,0.0831694645076101,0.283910535207027
grammatical_b2,0.130207996936939,-0.766547717935736,-0.190778834294452,0.00278540044056342,0.988276191221413,-0.74947329829843,1.13637188825863,0.022642941661818,-0.120886339755054,0.447348794824799
grammatical_b3,0.17518663150822,-0.52153385585207,0.952636476634885,-0.880414055712306,0.316529422762228,-0.179852601926768,1.13783970941415,-0.447497126172496,0.052192973019753,-0.0610631784618165
grammatical_b4,0.299934956809756,-0.544597970392865,0.084491543180222,-0.830083186976942,0.287540250612551,-0.477241603246213,1.13561999499879,-0.709475014218894,-0.0864436455356609,-0.21894660212388
grammatical_b5,0.112783330763647,-0.540523992361355,0.193190653274893,1.27953318222003,0.419980508618177,-0.62347601512234,1.13595442017394,0.404463528112086,0.0880775718335996,0.0441658872147772
grammatical_b6,0.202252109319449,-0.756663996246283,-0.120124801630062,-0.427081814383058,0.889570848916902,-0.636551267611853,1.13470636600552,-0.461009973211001,-0.331966630418509,-0.156248658668771
grammatical_b7,0.249668781150294,-0.820331125624535,0.262805960066763,-1.01907798082651,0.537535955931111,0.0865618048594012,1.13457143403759,-0.527613894233113,-0.00924094917678715,-0.0298133395269336
grammatical_b8,-0.0213426200051124,-0.527446539288641,0.375384896138181,-0.830258550742086,0.195768125939713,0.127448879028434,1.13783970941415,-0.456329350088938,-0.188459829409783,-0.587444077133378
grammatical_b9,0.304616493129173,-0.580267563648448,0.0741035219563985,-0.147103530666921,0.375150711662963,-0.838937053078787,1.13612350336311,-0.0778287442203338,0.377873417543033,0.423135400683589
haberman,-0.202867256187345,-0.429359184555744,-0.922759790020008,0.436574701098177,-0.627290825386067,-1.17869055221633,-1.38664268608661,1.08640138261301,1.63669647110543,1.41890337168346
hayes,-1.78151625796235,0.726861117769054,0.354887698450994,2.31390920450739,-0.929145013564249,-0.84515655875177,-0.359557630969038,1.47239948865166,1.05883408440267,0.603866692268882
heart_cleverland,-0.18891001717133,0.858562744938004,-0.142412998576946,0.638820844366405,-0.575033652447607,-0.660403166808831,-0.739004274916986,-0.0558064584815547,0.567208974066337,0.867329920173804
heart_cleverland_no_Nas,-0.160504642969868,0.870394123352352,-0.142892146338936,0.646785373075489,-0.575033652447607,-0.651360050964336,-0.735133215579962,-0.0437908019965746,0.575686563559757,0.844747208070404
heart_hungarian,-0.145146154754476,-0.234874376913734,0.369634313840684,-0.116240861467623,-1.41262255465102,1.29854966851896,0.71886031901489,0.197237753300135,-0.263693082774795,-1.50828087588348
heart_hungarian_no_Nas,1.81368451377643,1.28874865568993,0.312166580562923,-1.07896855627627,-1.41262255465102,1.31752174457603,0.843025925909129,1.77441629869965,0.106035828739983,-1.58742352502337
heart_switzerland,-0.809399887420589,1.24733128138461,-0.546699365555978,1.09123984798685,-1.12041162900858,-0.175018644745499,-0.344615367428337,0.631032897191013,1.11729373147703,0.962410610131199
heart_switzerland_no_Nas,-0.714721205069493,1.59426212875099,-0.212993509604091,1.97737527243275,-1.12041162900858,0.605763511859765,0.542181351308949,0.631032960076355,1.09883267200386,0.185137028151166
heart_va,-0.47552129020915,1.24664656709915,0.0336163307080371,1.24855520473426,-1.39642212137058,-0.0546749272542646,-0.740353996109492,0.631032912912349,0.663934082897047,0.0370274752137563
heart_va_no_Nas,1.5098322932095,1.8087296176559,0.438121723344462,1.78817414704264,-1.39642212137058,0.731922404343333,1.05039722012519,0.89196496564101,1.4077347872337,-0.0401152586539908
hepatitis,-0.060486548361065,-0.429437623793856,-0.500797329770171,-0.335869684628696,-0.73468203471481,-0.066658595863223,-0.0838296464196829,0.579733379542875,0.595527428179553,-0.531229928457001
hepatitis_no_Nas,-0.116652172573277,-0.424991212929769,-0.684648272920125,-0.233214780280693,-0.73468203471481,0.350274783624361,1.10060268014884,0.315534760122694,0.742147746647722,-0.356092233936595
hiv_1625,1.83235188848902,-0.865075909772046,0.215194020663416,0.0159556471067833,-0.260897234942811,-1.0990258113014,-1.24322604570003,0.860276628366926,0.545236586190442,1.32919797570838
hiv_746,2.57892538992187,-0.381444690644186,0.548124006499686,0.405947849821922,-0.381882460816323,-1.22433284306358,-1.36126746093746,1.52750165708359,1.32435766404863,1.11794900891477
hiv_impens,2.12139362622916,-1.03130403803667,-0.615902952382921,-0.586626701617244,-0.576009355627453,-1.28047671618342,-1.40037817975845,0.268656405920225,1.05863651517379,1.62310198765512
hiv_schilling,0.708909055806142,-1.31461591675614,-0.770137676716235,-0.796533871093718,0.164139650380044,-1.3870956622881,-1.45768181458418,0.0315074266194148,0.672103429028684,1.73785595856329
horse_colic_lesion,0.208715328438257,-0.282243118897867,0.239201709922774,-0.0945876611758621,-0.623413770682446,-1.12028870878992,-1.19266614715615,-0.637145723239411,-0.181434141214744,-1.23327308607898
horse_colic_outcome,0.208715328438257,0.301292621566795,-0.284264829476776,0.745744713343543,-0.623413770682446,1.61378309442659,1.12973541223882,-0.4136006681178,0.54153668588198,1.36656388394021
human,0.213898651032705,0.611389791479453,1.72005797952262,-0.113354665135517,1.07195711354772,1.14763865857942,1.13692189420541,-1.57145546376994,-1.34832958045277,-1.06950410743979
hv_no_noise,0.0824619697231524,-0.478104615114822,-1.32979991445936,2.10863845226314,1.13281012805205,-1.34498095286959,0.120291284784282,2.09682610580758,1.59356764827825,1.82308572206017
hv_noise,0.0824619697231524,-0.478003284920783,-1.369719751841,2.00133516883051,1.16498342837433,-1.33901329317649,0.290185838477104,2.11981631725417,1.68359544028438,1.82972291763609
ilpd,0.136321097529117,-0.530993093341701,-0.836930454989896,0.456419767968572,0.371925442685619,-0.668189864231248,-0.940238901871626,1.21824319845505,1.49510177950095,1.41248758732404
ilpd_no_Nas,0.146598995954632,-0.532652038349503,-0.829286413466482,0.442234357803507,0.371925442685619,-0.663837665565042,-0.936494714492827,1.20959616992646,1.48324141398595,1.46330899808253
image,0.2561354630107,1.0481571061601,1.84128586748556,0.0716403071768177,0.461827317522084,1.26043982749944,0.895015545802802,-0.675173544561334,-1.33808988802176,-0.79982046710614
internet,-1.0155136590058,-1.28228135656267,-1.37740562302828,-0.922302347960296,1.45284095573068,-0.99206051339337,0.756210515068158,-1.26043221757122,-0.988073449809942,-0.460375135102659
ionosphere,0.277663108255719,-0.28368993437553,0.0846713811035573,-0.379464824197615,0.497107757771029,-0.255814159697378,1.12085212758191,-0.132461289744896,0.296898720757868,-0.0206089916585724
iris,-0.0172506865951583,0.823358843285975,1.78760491980887,0.26577172573159,-1.34840501688656,1.16920171404125,0.530167704593935,0.665695779399967,-0.913733665932712,-0.893296381377284
isolet,0.190170124334186,1.6089788613154,1.26194008846162,-1.32817981155501,1.00852975256708,1.08540338600027,1.13723657794435,-1.66672892627975,-1.38148187388942,-1.51712140318171
japanese,1.29129603692562,-0.370470305243465,-0.429028649183805,1.16874683547105,-0.380390462471234,-1.16183966263878,-1.31163863208513,0.15220464019542,0.596516104395947,0.111833591421747
japanese_no_Nas,1.40967423850802,-0.354242708275822,-0.412517999075223,1.11311403019062,-0.380390462471234,-1.14958905332885,-1.31345435178798,0.0679768897965164,0.526771289180453,-0.0773833986201563
leaf,2.79775755817947,2.14191740692788,1.97925657630853,-1.30724790705199,-0.181037022292204,1.5740028582855,1.12497699772538,-1.18584652828787,-1.11133591581786,-0.548986903240145
led,-2.19672252325258,1.63092657468101,1.18262981729787,-0.456505066119398,0.347745676517166,-1.3870956622881,-1.45768181458418,-0.457550433535712,-0.702007748608865,0.217611983598955
lenses,0.62938356058816,1.27242648964551,0.577140044420566,-0.00245162426958298,-2.14988184820579,0.855320451138471,0.810707836720703,0.991615818416186,0.15912507233955,-0.901843144572515
libras,0.241008767950176,1.90584071032846,1.65456678540237,-0.857328851287196,-0.601787305096945,1.09829320944453,1.12789924696233,-0.79584804360122,-1.01078981139561,0.00198123305052555
liver,0.296527356362144,-0.216154333288023,-1.07445111716987,1.06740867096083,0.102518590747447,-1.16183966263878,-1.22061199130899,1.85470524502641,1.74156703284809,1.26881400248717
lsvt,0.295105759778378,-0.0240558002493648,-0.561444477992372,-0.0561949747009928,-0.645121725093263,0.217345875482868,1.13784006443038,-0.193931177192791,0.988497323943972,-0.973640142730656
lung,1.04430957337337,1.39511744762922,0.0116885263262137,1.46772520121123,-1.69107551650368,0.179009306725597,1.10680123672298,1.18757963918044,1.64433010876901,-1.58742352502337
lung_no_NAs,0.83430513140206,1.48063736252688,0.235303386463001,0.649320260871117,-1.69107551650368,0.661481430715571,0.991369049279258,0.971114908922911,1.44614460356502,-1.58742352502337
lymphography,0.75547560075161,0.398876597670163,-0.0235923744247028,1.47764770653695,-1.08415901148653,0.904651369349585,-0.0707932487190567,-0.520563889883086,-0.0437163894490045,-0.815893600895386
madelon,0.129791942307905,-0.620910706812789,-1.3941012679272,1.18561918570614,-1.03274208705399,-1.34781293027652,1.13554638839469,1.30644891380239,1.67589492033236,-1.58742352502337
mammographics,-0.0451338451004797,-0.435733576802023,0.380385440977227,-0.353060287418931,0.394488459690381,-1.06176445682099,-1.35545405284601,0.469837075219608,0.877411911642357,0.334001960068678
mammographics_no_NAs,0.129634755672718,-0.399243231116114,0.395618747187401,0.0034686949673858,0.394488459690381,-1.05275631559613,-1.35242045794411,0.565605671446195,0.947257813890781,0.48502303473887
mechanical,0.137131523072241,0.407561619589304,-0.645172898168991,0.970386273041474,1.45184589744671,-0.49623292552479,-1.08958450641276,0.228354499260038,0.663043731485456,1.84893086648892
mice,0.21796068917186,1.31354032465172,1.00417149738407,-0.238054180293126,-0.811333870317493,1.01889917193139,1.04598047222396,-1.7168635409677,-1.54238815119475,-1.4172129386013
mice_no_Nas,0.210378376248142,1.4561656347304,1.19381849801915,-0.269742467636886,-0.811333870317493,1.22382785685598,1.05166005406278,-1.58378975169971,-1.50896347933327,-1.43437677331522
molecular_promoter,-0.588941715998336,0.173072897492173,-0.744945891089622,0.911030630052932,-1.53838067078247,-0.503928771472378,-1.14252804858617,-0.494678198598386,1.12187572627508,-1.58742352502337
molecular_splice,-2.19672252325258,-0.0786161098093135,-0.797912588968249,1.05279453193366,0.351230596619016,-0.405398576857211,-1.09828578957521,0.0395083724310651,0.859414274223718,-1.31412157653193
monks1,-2.19672252325258,-0.30725113053189,-0.843310616116137,2.41499087784832,-1.49992800901755,-0.00553635457888621,-0.89669098839384,1.47840832125378,0.788493649611783,0.850037588389116
monks2,-2.19672252325258,-0.436635030603673,-1.39729292398174,0.884042724812438,-1.46353269995,-1.3870956622881,-1.45768181458418,1.51903701182187,0.44471536378273,1.75677486907368
monks3,-2.19672252325258,-0.308105324961667,-0.341886106730481,0.0321975710318171,-1.4856086524505,-1.3870956622881,-1.45768181458418,0.744394033665438,1.06490295258033,-0.38577164696142
multiple,0.148347791956054,1.3437203480677,1.20252285953822,-0.478502858299711,-0.0369261540391812,1.14114409132257,1.13575154060636,-1.691334003027,-1.46935733050099,-1.57747022237402
mushroom,-2.06756458904659,-0.800620233047812,0.353600855814167,-0.0382147419192857,1.49923175014584,-0.109620567913179,1.12609386763919,-0.90281421390297,-1.52553125485161,-0.623942765113932
onehund_mar,0.0892487235855024,2.2006354742005,1.96290000463985,-1.79992614589106,0.443268754825336,1.6008256284069,1.13485674942608,-1.55010185549118,-1.47520306671306,-1.42318337994306
onehund_sha,0.100344249318075,2.2006354742005,2.00255499638609,-1.79981015329383,0.809656574253442,1.60684912259425,1.13556514719591,-1.54969267620664,-1.43112477174313,-0.239892988840059
onehund_tex,0.093771677356014,2.20069939065392,1.92268859019732,-1.8000974921763,0.605748146229297,1.58108979229712,1.13474294164328,-1.54969267620664,-1.48273115619289,-1.16123384666409
optical,-0.687932897134588,1.14435705266216,0.878183587514114,-0.544969443618884,0.52608339548384,-0.0453883096203118,-0.254818126993021,-1.53138934133835,-1.51629392151939,-1.41808961947114
ozone1,0.155694995263922,-1.99796719222075,-1.19314915442649,-1.71837271610457,0.600570568122201,0.272687699609067,1.10611684028657,-1.2540229500661,-0.917547737282958,0.55993056740928
ozone1_no_Nas,0.235655349849785,-1.95897931690844,-1.19856876220283,-1.69959883404068,0.600570568122201,0.494391488042965,1.13783970941415,-1.22300307734557,-0.841938086385841,0.667088872548359
ozone8,0.156462657207186,-1.69305442708821,-1.02244840658666,-1.40570472625611,0.600044476806174,0.0321545998383215,0.435903808813296,-0.76902533964727,-0.513683755969851,0.362465950248243
ozone8_no_Nas,0.235856475192637,-1.61891388658019,-1.0735895777691,-1.35062122522275,0.600044476806174,0.0330837074045004,0.760838635789181,-0.688954597287383,-0.39034234453877,0.691591179768328
page,0.204307783011441,-1.26005484474992,0.0739815939413836,-1.25133161678169,1.63311671354755,0.487307573283553,-0.447530679718032,-1.10172863846964,-1.27147309452359,0.208902143574615
pamap9,0.242729400785655,-0.697851493798155,0.20983695362803,-1.41239917524932,0.167336371641924,0.948952516312818,1.13783953041437,-0.883140374203283,-1.47943124902254,-0.265386370264422
parkinson_speech,0.0856235746296791,-0.497473852967955,-0.699004691500194,-1.61783529666769,0.520045851466624,1.48124206875371,1.13290135161699,-0.826986615586838,-0.569076256991628,-0.92740065733145
parkinsons,-0.392064409538529,-0.360281079689119,0.0605034156732405,-0.179518888391491,-0.633287062648044,0.425631590534323,1.10727835768508,0.966035395467445,-0.360297102185372,0.0635983172783575
pen,0.247387778454763,1.0228198019568,1.68794664198888,-0.538409858798378,1.36607392130897,0.526846068089839,-0.112585175806747,-1.34815339548175,-1.54231151055418,-0.811020403790236
phishing,-2.19672252325258,-0.853573802049573,-0.84194060236093,1.61501529705641,2.04540133440291,-0.551997455578588,-1.16312388286281,-0.634975864226968,-0.729622205569145,-0.567516085867491
phoneme,0.217226826788991,-0.910192467729917,-0.0442521443374772,0.142876440678501,1.01125569247946,-0.607702829021051,-1.15767697326256,1.03633334760153,0.0943403279025864,0.843068177862068
pima,0.244198963100703,-0.481998494670986,-0.649591024978739,0.931568835759366,0.334769240688379,-1.33966541374074,-1.40968052065895,1.55514395081899,1.2858377789256,0.924517758106601
pitt1_1,-0.615577792205577,-0.0430301876865735,-0.937790244171291,-0.451129300169707,-1.10947544810975,1.02114891262032,0.721401728261133,0.0010729821247194,0.168839963557188,0.551715826058232
pitt1_2,-0.615577792205577,0.442119112150243,0.373861911820783,-0.220828235248768,-1.10947544810975,1.25474477120109,0.790554028427942,-0.0225607325558143,-0.199466739394214,-0.267783024648754
pitt1_3,-0.615577792205577,1.0738244324303,0.15596713550168,0.772332601962081,-1.10947544810975,0.635637260425989,0.356086159040803,0.991615858060751,0.907958050034964,0.685078899778715
pitt1_4,-0.615577792205577,0.947233287832783,-0.120694433881014,0.914304465942665,-1.1327909750851,0.752347680481438,0.304602906604127,0.492189288788653,0.684000834238822,0.668290435481037
pitt2_1,-0.615577792205577,-0.0430301876865735,-0.969911067548163,-0.451129300169707,-1.19482572071849,0.411693455787806,0.54486903555433,0.0010729821247194,0.319507791165371,0.743304939403712
pitt2_2,-0.615577792205577,0.442119112150243,0.40375127935119,0.0227067606732358,-1.19482572071849,1.01551840882782,0.770435010120299,-0.403266931492767,-0.216157856263547,-0.226313047628541
pitt2_3,-0.615577792205577,1.0738244324303,0.226926063255843,0.800305536782773,-1.19482572071849,0.440886336453687,0.183374836296225,0.991615858060751,0.950103648603781,0.514064398845218
pitt2_4,-0.615577792205577,0.947233287832783,-0.0693586862489173,0.703094341988301,-1.20340065068696,0.43296920936022,0.0511167321569065,0.492189288788653,0.821093056457096,0.461370622217069
planning,-0.294348774309117,-0.235641771318246,-1.3475840096074,0.455679552519004,-0.756896033912372,-0.740406697461368,-0.432501414432579,1.21393989217943,1.81303008981733,1.60768462108139
post,-2.15884776544394,0.199110533655167,-1.13220129207074,0.381755230091258,-1.10942439766808,-0.337391431632677,-0.639597447610117,0.572032898614685,1.21215335557922,1.48243905379969
primary,2.79775755817947,-0.303405554162713,-1.06048075787946,0.902894324554314,-0.7313579406516,-1.3870956622881,-1.45768181458418,0.896782109667826,1.24826162323131,0.820054919162775
qsar,0.245872623724559,-0.564343985992571,-0.685827828781212,0.239081548125803,0.848875719467562,-0.85503837264702,-0.677648086784046,0.593463373966925,0.526953165221758,-0.0923876343049016
qualitative,-2.19672252325258,-0.122770145634254,1.03993979658653,1.33519100356957,-0.577043486001572,0.442844585354267,-0.609357729731615,1.88395450974028,-1.01182648010098,-0.725387491369578
ring,0.239066925419855,-0.7862226234569,-0.233219720904985,1.2383513448691,1.91612874132198,-1.01682546162075,-0.505002989481377,0.869134817021364,1.30146617983712,0.931949788224784
robot1,-0.0179935066374769,0.547661885777326,1.63261163119719,-0.167689841429939,0.979886980719174,1.06635539376025,0.645572743568129,0.570673733270876,-1.36439890229616,-0.378723015875326
robot2,-0.105102937765314,0.85429347726139,0.819835290547417,-0.878540683129372,-0.0667635776412288,1.29631226793427,0.453545509003401,-0.152976572188019,-0.7802135141813,0.238111710484445
robot3,-0.105102937765314,0.547674096504603,0.703761232928042,-0.885974373443355,-0.0667635776412288,1.28988487867092,0.403386798298855,0.139593228964212,-0.735475801496305,0.0695274630712387
robot4,0.290376823302086,-0.108718542395652,1.19964671277521,-0.710860738371533,1.06172086084735,1.24994395307464,0.303779967486333,0.0949763512700603,-1.11773890168751,0.0252996720718198
robot5,0.186248768606656,0.661750875919811,1.37272410063287,0.0992710841026919,1.11983917485706,0.855320475398752,0.0592295150713058,0.630393724923201,-1.11956965759745,0.693431279273645
saheart,-0.0970003043068157,-0.369937687480985,-0.881879888080481,0.794119280191986,-0.43437858324322,-1.04275635022547,-1.25745007489636,1.53627806680424,1.50959056781919,1.22803305441956
satimage,0.172469242278865,0.63767604613599,1.81740207382931,-0.0289680262375955,1.32361774142889,0.496632752407216,0.0497785108456278,-0.746569994014147,-1.0329574157985,-0.525442428204659
secom,0.123595808582764,-1.62525833894185,-1.23227844619477,-1.7662253513187,-2.4127750538943,1.16573341446959,1.13783970941415,-0.726828253704399,-0.204196802031191,-1.52422200282404
seeds,-0.495549463640665,0.714509275737556,1.73065303800076,0.375155803283351,-1.36397756138641,1.20980558374666,0.884708016131365,0.13225253857826,-0.772933895275023,-0.907956897971723
seismic,0.136328604580659,-1.6750459155471,-1.24231923917996,-1.38205668934662,1.02688169969826,-0.972190299751539,-1.24431087981451,-0.734363013717347,-0.168361593366254,1.67968759334969
soybean_large,0.113782222886666,1.91274069494234,1.4333377675973,-0.561756888061188,-0.26370770674102,1.56211761644578,1.00707492113333,-1.15651764810332,-1.20032316410331,-1.28098446828268
soybean_large_no_Nas,0.262239477188578,1.88519129624207,1.32142387371621,-0.259294732523714,-0.26370770674102,1.49194553886173,0.959659944790345,-0.917163421944174,-1.06947025434083,-1.2228136061319
soybean_small,2.79775755817947,1.56438255354869,1.6148694692485,0.019199143870522,-1.48666163053489,1.27910543311561,0.670787309452541,-1.28730904776143,-0.939543259820701,-1.58742352502337
spambase,0.192626532182966,-0.758293490037006,-0.58237390044814,0.29394662692754,1.54017441191617,-0.785093520474411,-0.560817611856826,0.374152552258875,-0.052682717264301,-0.209678152638309
spect_heart,-2.19672252325258,-0.576679408392169,-0.935565151745107,-0.179732601517199,0.234032142069838,-0.499629688710352,-0.983767980083994,0.677641966063918,0.860810652286014,1.1620552532118
spectf_heart,-0.0110032076750307,-0.576679408392169,-0.804240204610047,-0.179732601517199,0.296743461405836,0.195380153377163,1.11551207947393,0.677641966063918,1.09386086092115,-0.610277943527836
statlog_australian,1.29129603692562,-0.370470305243465,-0.389405582014705,1.18998692407369,-0.339008374335194,-1.15200786753023,-1.31163863208513,0.15220464019542,0.573421479519782,0.0817478038532933
statlog_german,-0.0738348265301087,-0.616550571149218,-1.23766751064677,0.559483300467401,0.0647454955014617,-1.28603119385253,-1.40561472045497,1.18609182442274,1.26477904461168,0.823647548992934
statlog_heart,-0.0252307047695969,-0.134798837027313,-0.397294231753697,0.701046653757123,-0.623256720667143,-1.28025513345803,-1.25366589571921,0.217830927321767,0.912210433503436,0.0480790577831559
statlog_is,0.2561354630107,1.0481571061601,1.84118165731479,-0.128438976089066,0.461827310228007,1.26043982749944,0.895015545802802,-0.675173544561334,-1.33808988802176,-0.786157894325622
statlog_ls,0.172469242278865,0.63767604613599,1.81740207382931,-0.0304198042211455,1.32361774142889,0.496632752407216,0.0497785108456278,-0.747247020631831,-1.0329574157985,-0.534065017022212
statlog_vehicle,0.123717403971248,0.715413570403211,0.610607495398981,0.996355202026994,-0.26531486933565,-0.233306207692228,-0.337518478804557,0.991615791986478,0.339080951532616,0.795339572274931
tae,-0.0110042857484985,0.820681447374927,-0.787190117348208,1.86984923725925,-0.633127202021066,-0.910180130389087,-1.21352765158453,1.47239948865166,1.26736106571323,1.41753884454713
tao,0.190708558805214,-0.563589511674644,0.650839089208213,0.492464011381165,-1.01323631694183,0.429739224478739,-0.613626589321469,0.321246870168125,-0.823143554422059,0.00935950186446083
teaching,2.79775755817947,0.820681447374927,0.300588473242735,1.38921586883078,-0.633127202021066,-0.910180130389087,-1.21352765158453,1.47239948865166,1.26736106571323,1.41753884454713
texture,0.200224668660845,1.21281164583278,1.94246181037725,-0.636801395648456,0.925045905860869,1.21847171732008,0.925247416177665,-0.892221062149085,-1.52614362425882,-1.25725875748796
thyroid_allbp,0.18514673233973,-1.84683609708878,-1.23754030581725,-1.58882239989202,1.50828822646027,0.49395565114537,-0.334158794605239,-1.25367073643319,-1.19447476105535,0.474722476699435
thyroid_allbp_no_Nas,0.105912659505652,-1.7735582386244,-1.21702149860078,-1.54219009771475,1.50828822646027,0.548508325207448,-0.343342917016793,-1.20330736246503,-1.14872343445071,0.525293472341659
thyroid_allhyper,0.18520188073167,-1.97861966284294,-1.24553982843306,-1.73703654097627,1.50828822646027,1.51222523855872,0.724253022132473,-1.53635183114343,-1.41377468878155,0.0612318250715385
thyroid_allhypo,0.18520188073167,-1.49719923762018,-1.11666443587023,-1.30439479180347,1.50828822646027,1.40524679967694,0.580557604295364,-1.10981848796066,-0.963883199759318,1.15905669572439
thyroid_allhypo_no_Nas,0.105912659505652,-1.42100616295879,-1.12277537912903,-1.26783570104397,1.50828822646027,1.71523832627969,1.05318354569197,-1.07574130520466,-0.905856421283034,0.455478472473546
thyroid_allrep,0.18520188073167,-1.87606591533401,-1.25011529585194,-1.68730479909752,1.50828822646027,1.32045562074749,0.482334525802767,-1.44575678563748,-1.30733420453171,0.541288762011411
thyroid_allrep_no_Nas,0.105912659505652,-1.91449670533918,-1.27815050222469,-1.72698432184043,1.50828822646027,1.34431340364642,0.538847345478516,-1.48174401342448,-1.3374039040732,0.606082718828778
thyroid_ann,0.24934980220466,-1.58805808448843,-1.05909904985519,-1.74667184355639,2.21892361225707,1.69791714345225,1.01619366488375,-0.967206563879351,-0.785360209461279,0.667449357018675
thyroid_ann_no_Nas,0.24934980220466,-1.58805808448843,-1.05909904985519,-1.74667184355639,2.21892361225707,1.69791714345225,1.01619366488375,-0.967206563879351,-0.785360209461279,0.667449357018675
thyroid_dis,0.18520188073167,-2.16748737336622,-1.39179195672864,-1.84270815243248,1.50828822646027,-0.551800589851368,-0.357883482111458,-1.46268710206483,-1.28518725203632,1.12224290104413
thyroid_dis_no_Nas,0.105912659505652,-2.1260698148846,-1.39468747914761,-1.82025695551103,1.50828822646027,-0.48200985367914,-0.562064747633196,-1.42437671699409,-1.26451734047805,1.22364056256486
thyroid_hypothyroid,0.0906403204651148,-1.8321758504267,-1.05360821640469,-1.73893382343979,-2.4127750538943,-0.206247247921431,-0.700519922715048,-0.978096794131833,-1.10795253798597,-0.00615105124793149
thyroid_new_thyroid,-0.52916624604391,0.220295843971477,1.3121717756292,-0.255178234161546,0.0172878385374448,1.13598759167244,0.568598940905172,0.643186602101748,-0.899712590545496,-0.851372330105542
thyroid_new_thyroid_no_Nas,-0.52916624604391,0.220295843971477,1.3121717756292,-0.255178234161546,0.0172878385374448,1.13598759167244,0.568598940905172,0.643186602101748,-0.899712590545496,-0.851372330105542
thyroid_sick,0.192620244332053,-1.73870723231304,-1.25304762501476,-1.42288437589228,1.50828822646027,-0.5205113639257,-0.766977612220994,-0.794129137791755,-0.924482729277741,0.183576041811477
thyroid_sick_no_Nas,0.105912659505652,-1.57720665057584,-1.24782903624926,-1.25331629085087,1.50828822646027,-0.427047572804556,-0.841479705984671,-0.551864619823232,-0.760319902040204,0.203796752184401
tic,-2.19672252325258,-0.531791201462368,-1.2102969113806,0.913215213634489,-1.19931971650767,-1.3870956622881,-1.45768181458418,1.53740970784512,1.44883979871786,0.900845822134463
titanic,-2.19672252325258,-0.722059865312108,-0.668355277876761,0.655875623569203,1.59950468101849,-1.3870956622881,-1.45768181458418,0.811856434340119,1.26682111539456,1.96215482549411
trains,2.79775755817947,1.33408946143284,0.758943841870841,-0.233214780280693,-1.65609169063746,0.855320451138471,0.555382168666762,-0.317731236266065,1.50959056781919,-1.58742352502337
turkiye,-2.19672252325258,1.19184772928397,-0.982410469980336,-0.159188603987479,1.23905802984604,-1.3870956622881,-1.45768181458418,-0.592567812703485,-0.0489734565464758,1.88685818981557
twonorm,0.239068018412827,-0.786135845301285,-0.135911619104733,0.747158599011336,0.840414870153191,-1.31649083603762,-1.22630335420709,-1.35143489734425,-0.758644985144786,-1.37018155959095
urban,-0.0461151546185461,1.41774931514459,1.4312353967615,-0.287633699530545,-0.368603777541346,1.12641597857374,1.13391157345643,-0.936899378297955,-0.712663197151223,-0.837524144169883
user,0.0376139257584222,0.928329249208402,0.751623820105906,-0.0926075235167511,-0.892845087814521,0.973634417360773,0.215281669647415,0.991615844845895,-0.0374003906528565,-0.505483747801954
vert2,-0.21859262516105,-0.307929412706794,-0.0845575871134489,-0.0238801002305369,-0.415446687104295,0.422498421810855,-0.395846125408629,1.41747150993211,0.744146693590767,0.371895531217225
vert3,-0.21859262516105,0.494396983579143,1.03997590649223,-0.849807471511068,-0.415446687104295,0.781219437877138,0.0954046206496489,0.863193414526049,0.418512971423233,-0.0318649234174381
wall2,0.207437920143493,0.0535472237026916,1.81770496085205,-0.974305650150859,1.49744990278136,1.44083973306101,0.840010169971749,0.304626630757477,-1.44671665145253,-1.17337188105732
wall24,0.207792510026255,0.0535472237026916,0.98018067763039,-0.380489157539731,0.963932405646931,0.635090563250216,1.02217589594591,0.374031704850374,-0.48356924218957,0.41388227282807
wall4,0.207855516802906,0.0535472237026916,1.52390813035296,0.606215638346272,1.67300851253712,1.44083973306101,1.12827434321949,0.293004365695049,-1.25318840436452,-0.466018519022997
wave,0.293697478249687,-0.0562430613983911,0.512730703063604,0.689441323428018,0.112686639538583,-0.362587469031115,-0.783639002459266,-0.0553816883954384,0.191717122986128,-0.720107799694208
wave2,0.293814291325217,-0.0562105301034459,-0.18821492955653,0.482283534962678,0.175560843685253,-0.177152324316547,-0.684298422485898,-0.0993198006860761,0.393641176299077,-1.01920120753964
weight,0.132058172943881,0.324836643238115,1.98493712071018,0.472132176220901,-1.12199174858199,1.60571044721752,1.12050321746989,-1.69486019166218,-1.53873129913044,-1.58509379375165
wholesale,-0.0348468831584217,-0.395718805809935,0.36407383684008,-0.745389408772848,0.452474433677556,0.618904786353561,0.0576007918023663,1.34581790588051,0.106035828739983,-0.696211259193003
wilt,0.145030470151458,-1.81078876644706,-1.17397366222034,-1.48880410066995,0.668820187712206,-0.456001161008476,-0.650170097805554,-0.892407425449985,-0.714987378509582,0.827731533470156
wine,-0.260183288024532,0.747896815903296,1.34647355080889,0.813204724198592,-1.02180059791964,1.29586387396569,1.09322396443617,-0.689123793298069,-0.806865505281295,-1.38289423312493
wine_quality,0.205049552390883,0.133488983205895,-0.690620035825995,1.11729073230899,1.73981436559175,-0.458337206965842,-0.932669446531907,0.125863193823963,-0.0496113817794219,1.67534125709022
winsconsin,-0.378745686142794,-0.455065233186356,1.37732649457331,-1.15998872542105,1.23866863294814,-0.612091243290542,-0.904715278941251,-1.2025551703676,-0.974434965565759,-1.1591078432689
wpbc,-0.414612760001948,-0.391341825288615,-1.17519921538564,0.0730021204653196,-0.657042252628725,-0.324125008435268,1.10774047535904,0.906363863723704,1.2346737765963,0.673639851572149
wpbc_no_Nas,-0.385618376342849,-0.386470161144397,-1.18337965702705,0.0582860233800106,-0.657042252628725,-0.306293373120293,1.12247037036136,0.904566967660626,1.22855416828428,0.691551123391179
yeast,0.148694662522093,0.948254598345852,0.289946438022185,0.655603247377675,0.873358656890583,0.339755623410494,-0.288481364912303,-0.317731224883742,-0.283315949957983,0.607553879748756
zoo,-0.3862569462422,1.59165394692112,1.49969351618848,0.212720913118791,-0.501007844391424,1.3886410746827,0.874790104820412,-1.11444314718218,-1.09996193000836,-1.376162799244
